{"loss": [0.6920222640037537, 0.6897993683815002, 0.6859460473060608, 0.675537645816803, 0.6464370489120483, 0.6025684475898743, 0.535659670829773, 0.48107999563217163, 0.4514397382736206, 0.42873886227607727, 0.4069637358188629, 0.3900924324989319, 0.37557244300842285, 0.35968783497810364, 0.34818729758262634, 0.33590948581695557, 0.3251197934150696, 0.31411212682724, 0.30524352192878723, 0.2967531979084015, 0.28744542598724365, 0.276328980922699, 0.2686930000782013, 0.2620483636856079, 0.255099356174469, 0.25194939970970154, 0.241322860121727, 0.23463629186153412, 0.2316313534975052, 0.22220437228679657], "acc": [0.5211304426193237, 0.5228695869445801, 0.5310434699058533, 0.6088261008262634, 0.6423043608665466, 0.6810435056686401, 0.7365652322769165, 0.7739130258560181, 0.7909130454063416, 0.8036521673202515, 0.8183913230895996, 0.8266087174415588, 0.8363478183746338, 0.8438695669174194, 0.849173903465271, 0.855956494808197, 0.8607826232910156, 0.868217408657074, 0.8728695511817932, 0.8764348030090332, 0.881782591342926, 0.8862174153327942, 0.8901739120483398, 0.8931304216384888, 0.8976086974143982, 0.8987391591072083, 0.9044782519340515, 0.9064347743988037, 0.9107391238212585, 0.9124782681465149], "val_loss": [0.6906794905662537, 0.6878194808959961, 0.6821320056915283, 0.664377748966217, 0.6295695304870605, 0.5830215215682983, 0.5288335084915161, 0.5045219659805298, 0.48950621485710144, 0.4785704016685486, 0.47190144658088684, 0.46416082978248596, 0.46030953526496887, 0.45898211002349854, 0.4547567665576935, 0.4576401114463806, 0.45072922110557556, 0.4527297914028168, 0.45061856508255005, 0.45055466890335083, 0.4552516043186188, 0.4552996754646301, 0.4563587009906769, 0.45774203538894653, 0.4600139856338501, 0.4611058533191681, 0.46879804134368896, 0.46741431951522827, 0.46978768706321716, 0.4775353670120239], "val_acc": [0.527318000793457, 0.527318000793457, 0.5614877939224243, 0.6328527927398682, 0.6531411409378052, 0.692471981048584, 0.7364299893379211, 0.7522690892219543, 0.764904797077179, 0.7705997228622437, 0.7739811539649963, 0.7859049439430237, 0.7871507406234741, 0.7892863750457764, 0.7930236458778381, 0.7921338081359863, 0.7958711385726929, 0.7978287935256958, 0.7980067729949951, 0.7994304895401001, 0.8017441034317017, 0.8015661239624023, 0.799964427947998, 0.8026339411735535, 0.8022779822349548, 0.8026339411735535, 0.802811861038208, 0.8069051504135132, 0.8017441034317017, 0.8044136166572571]}