{"loss": [0.6872291564941406, 0.6643088459968567, 0.6250970363616943, 0.5854633450508118, 0.567963719367981, 0.560645341873169, 0.5555600523948669, 0.551253616809845, 0.5474872589111328, 0.543967068195343, 0.5404391288757324, 0.5373061299324036, 0.5340392589569092, 0.5308537483215332, 0.5277644991874695, 0.5247918367385864, 0.5218530297279358, 0.5188536047935486, 0.5159547328948975, 0.5133957266807556, 0.5108613967895508, 0.5082422494888306, 0.5060667991638184, 0.5035347938537598, 0.5012872219085693, 0.49895426630973816, 0.4970076382160187, 0.49475744366645813, 0.49259138107299805, 0.49062594771385193], "acc": [0.5626521706581116, 0.654347836971283, 0.6800000071525574, 0.6991304159164429, 0.708695650100708, 0.7157825827598572, 0.7183043360710144, 0.7221739292144775, 0.7256956696510315, 0.727739155292511, 0.7303478121757507, 0.7331739068031311, 0.7343478202819824, 0.7371739149093628, 0.7401304244995117, 0.742652177810669, 0.7422608733177185, 0.7451304197311401, 0.746999979019165, 0.7473912835121155, 0.75, 0.7517825961112976, 0.7536087036132812, 0.7555652260780334, 0.7559130191802979, 0.7569565176963806, 0.7585652470588684, 0.7602173686027527, 0.7609565258026123, 0.7620869278907776], "val_loss": [0.6787011027336121, 0.6489096283912659, 0.6026960015296936, 0.5728504657745361, 0.5617742538452148, 0.5561551451683044, 0.5505526065826416, 0.54750657081604, 0.5437548756599426, 0.5403713583946228, 0.5367161631584167, 0.5347023606300354, 0.5302366614341736, 0.5274983048439026, 0.5248241424560547, 0.5223953723907471, 0.5194620490074158, 0.5177409648895264, 0.5157345533370972, 0.5121452808380127, 0.5104544758796692, 0.5091590881347656, 0.5073685646057129, 0.5059460401535034, 0.5027449131011963, 0.5012109279632568, 0.4995653033256531, 0.4974876940250397, 0.4964389503002167, 0.49481841921806335], "val_acc": [0.6202171444892883, 0.6618615388870239, 0.6882007718086243, 0.7038618922233582, 0.7043957710266113, 0.7081331014633179, 0.7127602696418762, 0.7159637212753296, 0.7191671133041382, 0.7223705053329468, 0.7287773489952087, 0.7248620986938477, 0.7305570244789124, 0.7325146794319153, 0.7346503138542175, 0.7369638681411743, 0.7392774224281311, 0.7403452396392822, 0.741235077381134, 0.7471080422401428, 0.746218204498291, 0.7503114342689514, 0.7504894137382507, 0.7504894137382507, 0.7531589269638062, 0.7538707852363586, 0.7535148859024048, 0.7556504607200623, 0.7576081156730652, 0.7568962574005127]}